Generation,BestFitness,AvgFitness,WorstFitness
1,-48.59,-50.02,-50.10
2,11.04,-23.90,-50.10
3,23.08,-22.50,-50.10
4,1500.00,39.95,-50.10
5,18.80,-27.19,-50.10
6,1000.00,20.66,-50.10
7,16.29,-20.90,-50.10
8,1000.00,9.14,-50.10
9,1001.79,71.02,-50.10
10,11.73,-27.88,-50.10
11,20.90,-26.83,-50.10
12,503.70,-9.93,-50.10
13,1949.90,141.65,-50.10
14,1949.90,171.83,-50.10
15,1949.90,68.74,-50.10
16,2000.43,179.02,-50.10
17,24.92,-22.32,-50.10
18,510.26,-1.04,-50.10
19,505.25,10.07,-50.10
20,1502.60,47.77,-50.10
21,18.37,-27.61,-50.10
22,1456.89,48.71,-50.10
23,501.08,-5.06,-50.10
24,16.48,-33.59,-50.10
25,510.26,-8.30,-50.10
26,3.93,-36.43,-50.10
27,17.31,-32.60,-50.10
28,1006.96,49.97,-50.10
29,19.14,-30.26,-50.10
30,24.09,-17.94,-50.10
31,503.88,17.78,-50.10
32,506.18,-9.54,-50.10
33,24.81,-28.73,-50.10
34,6.90,-27.71,-50.10
35,25.50,-33.30,-50.10
36,23.99,-30.80,-50.10
37,506.41,-8.30,-50.10
38,1004.32,24.39,-50.10
39,510.44,17.48,-50.10
40,18.82,-21.29,-50.10
41,500.88,-4.50,-50.10
42,26.51,-42.25,-50.10
43,17.00,-33.41,-50.10
44,510.41,0.92,-50.10
45,17.54,-27.09,-50.10
46,19.46,-31.90,-50.10
47,19.33,-40.31,-50.10
48,15.42,-31.46,-50.10
49,500.00,0.53,-50.10
50,21.14,-25.79,-50.10
51,510.89,-1.92,-50.10
52,460.41,-6.48,-50.10
53,25.67,-22.63,-50.10
54,18.01,-30.74,-50.10
55,18.10,-31.69,-50.10
56,26.10,-39.00,-50.10
57,21.77,-32.52,-50.10
58,17.04,-35.60,-50.10
59,2449.90,92.97,-50.10
60,1504.27,43.33,-50.10
61,2449.90,248.04,-50.10
62,2449.90,216.17,-50.10
63,1009.44,33.14,-50.10
64,2002.25,166.09,-50.10
65,21.58,-29.97,-50.10
66,2449.90,116.57,-50.10
67,2449.90,170.84,-50.10
68,2449.90,92.02,-50.10
69,2002.69,156.26,-50.10
70,1008.40,29.18,-50.10
71,507.98,-0.39,-50.10
72,1007.98,78.33,-50.10
73,2500.00,147.51,-50.10
74,22.12,-32.98,-50.10
75,2500.00,198.90,-50.10
76,2500.00,90.09,-50.10
77,14.23,-28.05,-50.10
78,2006.71,75.30,-50.10
79,1512.93,61.25,-50.10
80,22.20,-36.70,-50.10
81,512.53,-14.18,-50.10
82,2013.32,66.01,-50.10
83,504.39,28.82,-50.10
84,960.51,10.41,-50.10
85,500.77,2.35,-50.10
86,2006.75,176.16,-50.10
87,503.41,-0.66,-50.10
88,509.74,54.47,-50.10
89,1949.90,109.84,-50.10
90,2006.19,165.56,-50.10
91,500.00,-2.95,-50.10
92,2500.00,86.09,-50.10
93,2007.45,67.24,-50.10
94,6.24,-29.36,-50.10
95,2500.00,97.73,-50.10
96,12.92,-33.07,-50.10
97,504.15,11.19,-50.10
98,2500.00,126.20,-50.10
99,500.64,0.87,-50.10
100,2006.75,68.59,-50.10
101,2005.98,172.20,-50.10
102,17.17,-28.34,-50.10
103,19.68,-27.49,-50.10
104,502.17,-2.21,-50.10
105,1950.06,69.78,-50.10
106,512.42,-3.09,-50.10
107,510.66,-12.43,-50.10
108,21.19,-32.06,-50.10
109,500.00,-6.76,-50.10
110,500.72,23.86,-50.10
111,1010.85,17.76,-50.10
112,13.76,-24.83,-50.10
113,20.20,-31.16,-50.10
114,17.50,-24.35,-50.10
115,502.91,24.74,-50.10
116,0.09,-40.51,-50.10
117,15.59,-31.99,-50.10
118,11.57,-35.11,-50.10
119,507.73,-4.44,-50.10
120,2500.00,224.99,-50.10
121,2007.17,74.93,-50.10
122,1951.20,175.40,-50.10
123,1008.00,16.20,-50.10
124,1511.50,49.94,-50.10
125,2500.00,174.66,-50.10
126,502.06,-0.88,-50.10
127,1009.41,23.29,-50.10
128,28.47,-28.49,-50.10
129,2500.00,169.67,-50.10
130,2500.00,131.14,-50.10
131,501.69,-7.09,-50.10
132,505.64,16.75,-50.10
133,9.81,-35.55,-50.10
134,18.64,-25.13,-50.10
135,17.24,-26.83,-50.10
136,11.43,-25.53,-50.10
137,10.54,-33.16,-50.10
138,2949.90,117.58,-50.10
139,500.00,-5.37,-50.10
140,511.19,0.83,-50.10
141,952.72,35.38,-50.10
142,2000.00,75.22,-50.10
143,2003.40,73.84,-50.10
144,1001.55,97.60,-50.10
145,21.24,-19.38,-50.10
146,2949.90,126.09,-50.10
147,29.19,-31.82,-50.10
148,2512.34,92.79,-50.10
149,2949.90,239.27,-50.10
150,2000.00,110.23,-50.10
151,449.90,-5.91,-50.10
152,2949.90,268.43,-50.10
153,2000.00,96.95,-50.10
154,2000.00,93.60,-50.10
155,500.97,29.82,-50.10
156,2000.00,65.36,-50.10
157,1955.02,220.11,-50.10
158,500.00,-2.73,-50.10
159,19.96,-35.40,-50.10
160,500.00,-1.90,-50.10
161,1506.13,95.07,-50.10
162,509.95,-14.54,-50.10
163,2449.90,196.39,-50.10
164,2454.09,135.22,-50.10
165,504.54,50.45,-50.10
166,500.85,25.30,-50.10
167,13.78,-21.79,-50.10
168,500.00,0.58,-50.10
169,16.27,-35.44,-50.10
170,511.15,-7.45,-50.10
171,500.82,-7.60,-50.10
172,2449.90,93.62,-50.10
173,14.37,-32.47,-50.10
174,500.06,-0.32,-50.10
175,2000.00,73.37,-50.10
176,2000.16,153.11,-50.10
177,1010.76,78.69,-50.10
178,505.11,25.58,-50.10
179,500.18,-0.50,-50.10
180,1505.58,45.88,-50.10
181,500.00,22.46,-50.10
182,501.00,22.20,-50.10
183,1008.73,78.63,-50.10
184,2949.90,184.18,-50.10
185,2000.00,277.64,-50.10
186,2001.54,139.34,-50.10
187,2949.90,159.46,-50.10
188,500.00,-9.82,-50.10
189,2949.90,191.44,-50.10
190,1004.09,75.25,-50.10
191,2511.88,116.94,-50.10
192,13.96,-16.92,-50.10
193,2000.00,75.55,-50.10
194,959.58,38.81,-50.10
195,954.41,65.57,-50.10
196,18.33,-27.62,-50.10
197,2000.00,173.19,-50.10
198,1009.60,18.09,-50.10
199,2008.48,87.40,-50.10
200,1008.23,20.60,-50.10
201,1009.04,26.42,-50.10
202,2454.44,138.75,-50.10
203,1010.82,65.46,-50.10
204,951.86,18.08,-50.10
205,1504.22,117.25,-50.10
206,1511.16,33.75,-50.10
207,9.33,-31.51,-50.10
208,2003.09,72.27,-50.10
209,24.15,-32.06,-50.10
210,1006.25,26.40,-50.10
211,2000.00,64.91,-50.10
212,21.51,-14.53,-50.10
213,2000.00,112.22,-50.10
214,509.85,-2.47,-50.10
215,508.82,20.77,-50.10
216,20.73,-21.05,-50.10
217,19.45,-24.12,-50.10
218,2949.90,150.93,-50.10
219,19.61,-23.78,-50.10
220,951.66,43.18,-50.10
221,500.00,-6.83,-50.10
222,1009.09,28.76,-50.10
223,951.83,45.62,-50.10
224,500.00,13.50,-50.10
225,1011.52,62.68,-50.10
226,1508.49,71.43,-50.10
227,2000.00,115.98,-50.10
228,22.40,-22.08,-50.10
229,2508.01,101.72,-50.10
230,2507.85,97.27,-50.10
231,1508.44,47.05,-50.10
232,2508.33,97.65,-50.10
233,1502.36,62.33,-50.10
234,2000.00,93.94,-50.10
235,959.59,13.48,-50.10
236,2949.90,344.63,-50.10
237,952.56,67.07,-50.10
238,2000.00,72.72,-50.10
239,2002.39,106.86,-50.10
240,2449.90,95.17,-50.10
241,505.55,6.84,-50.10
242,2000.00,101.66,-50.10
243,2949.90,243.92,-50.10
244,20.63,-21.09,-50.10
245,1510.52,44.82,-50.10
246,15.19,-24.47,-50.10
247,512.39,-4.82,-50.10
248,2949.90,174.40,-50.10
249,1501.26,142.52,-50.10
250,22.28,-32.18,-50.10
251,20.29,-37.05,-50.10
252,2950.05,122.95,-50.10
253,2000.00,97.70,-50.10
254,1511.74,56.83,-50.10
255,23.39,-27.12,-50.10
256,21.53,-24.25,-50.10
257,505.72,36.48,-50.10
258,20.24,-33.80,-50.10
259,1011.42,16.03,-50.10
260,3000.00,117.63,-50.10
261,2000.00,66.97,-50.10
262,2949.90,269.55,-50.10
263,955.37,23.68,-50.10
264,1010.19,24.19,-50.10
265,2453.68,196.07,-50.10
266,506.11,48.58,-50.10
267,16.68,-29.74,-50.10
268,15.78,-32.05,-50.10
269,504.40,-8.76,-50.10
270,2000.00,96.62,-50.10
271,1009.34,50.81,-50.10
272,1008.11,103.26,-50.10
273,21.67,-35.35,-50.10
274,1004.27,103.27,-50.10
275,20.10,-32.63,-50.10
276,1004.18,35.90,-50.10
277,2000.00,72.63,-50.10
278,2000.00,124.92,-50.10
279,2000.00,95.85,-50.10
280,2000.00,100.79,-50.10
281,1503.77,150.20,-50.10
282,505.49,15.95,-50.10
283,2449.90,96.78,-50.10
284,2449.90,162.35,-50.10
285,1009.56,27.10,-50.10
286,2449.90,166.18,-50.10
287,1007.48,20.46,-50.10
288,18.76,-36.49,-50.10
289,2000.00,66.40,-50.10
290,514.25,-6.62,-50.10
291,2449.90,100.63,-50.10
292,1011.05,45.38,-50.10
293,2449.90,120.98,-50.10
294,2002.24,70.34,-50.10
295,2452.77,210.16,-50.10
296,1949.98,118.02,-50.10
297,503.73,-6.34,-50.10
298,17.31,-29.85,-50.10
299,952.03,19.20,-50.10
300,1000.40,95.87,-50.10
301,500.00,-6.32,-50.10
302,2949.90,266.67,-50.10
303,16.19,-25.77,-50.10
304,20.18,-24.31,-50.10
305,449.90,-0.45,-50.10
306,1001.61,29.03,-50.10
307,1001.56,73.61,-50.10
308,2949.90,116.11,-50.10
309,1503.40,116.41,-50.10
310,23.65,-27.90,-50.10
311,1005.65,25.71,-50.10
312,22.59,-25.82,-50.10
313,500.00,-1.60,-50.10
314,1005.48,77.06,-50.10
315,2004.63,169.60,-50.10
316,13.39,-30.80,-50.10
317,2449.90,90.08,-50.10
318,957.81,22.58,-50.10
319,2949.90,161.68,-50.10
320,2454.55,95.63,-50.10
321,2001.24,104.47,-50.10
322,1509.66,126.42,-50.10
323,1508.26,38.52,-50.10
324,1010.87,169.68,-50.10
325,18.12,-29.85,-50.10
326,2000.00,100.23,-50.10
327,952.87,18.29,-50.10
328,20.72,-30.34,-50.10
329,2453.18,192.94,-50.10
330,500.06,-0.57,-50.10
331,21.29,-22.81,-50.10
332,2000.00,88.21,-50.10
333,19.95,-20.59,-50.10
334,1511.96,45.52,-50.10
335,1008.47,62.93,-50.10
336,1500.00,203.36,-50.10
337,1005.52,28.02,-50.10
338,509.94,19.25,-50.10
339,1506.97,94.72,-50.10
340,506.18,18.27,-50.10
341,957.75,16.89,-50.10
342,1009.92,34.74,-50.10
343,957.43,15.87,-50.10
344,1007.18,49.57,-50.10
345,2453.01,122.41,-50.10
346,22.26,-30.60,-50.10
347,15.78,-33.95,-50.10
348,1010.75,23.18,-50.10
349,3000.00,223.72,-50.10
350,21.50,-22.50,-50.10
351,2949.90,141.07,-50.10
352,1003.05,19.18,-50.10
353,2449.90,114.87,-50.10
354,2449.90,103.49,-50.10
355,1008.83,33.41,-50.10
356,2000.00,70.58,-50.10
357,503.93,28.28,-50.10
358,1510.94,107.99,-50.10
359,1507.86,65.29,-50.10
360,500.00,20.00,-50.10
361,2949.90,168.08,-50.10
362,2000.00,139.10,-50.10
363,2949.90,118.97,-50.10
364,954.47,43.21,-50.10
365,20.72,-23.90,-50.10
366,20.21,-30.07,-50.10
367,2000.00,96.24,-50.10
368,1003.43,73.15,-50.10
369,1500.00,120.18,-50.10
370,16.94,-23.88,-50.10
371,21.25,-31.46,-50.10
372,1002.60,24.79,-50.10
373,954.66,18.70,-50.10
374,500.00,-5.99,-50.10
375,1009.59,16.89,-50.10
376,2499.90,117.90,-50.10
377,2003.67,132.50,-50.10
378,1004.39,22.38,-50.10
379,20.54,-26.12,-50.10
380,2449.90,166.19,-50.10
381,500.00,-4.37,-50.10
382,2449.90,311.05,-50.10
383,19.02,-31.23,-50.10
384,1510.23,112.86,-50.10
385,505.28,21.67,-50.10
386,508.91,-0.23,-50.10
387,1007.71,18.17,-50.10
388,508.20,-11.63,-50.10
389,508.86,-5.87,-50.10
390,2949.90,139.51,-50.10
391,505.47,-8.00,-50.10
392,2000.00,172.02,-50.10
393,502.21,-6.44,-50.10
394,2950.23,118.31,-50.10
395,2000.00,70.31,-50.10
396,1011.38,27.02,-50.10
397,2511.96,124.63,-50.10
398,1510.83,90.70,-50.10
399,2000.00,111.23,-50.10
400,954.26,11.57,-50.10
401,2949.90,266.45,-50.10
402,1502.29,43.40,-50.10
403,1006.10,21.44,-50.10
404,510.87,50.68,-50.10
405,2000.00,195.89,-50.10
406,15.19,-32.69,-50.10
407,2000.00,98.56,-50.10
408,19.54,-31.38,-50.10
409,23.04,-22.37,-50.10
410,9.42,-33.00,-50.10
411,1007.39,53.37,-50.10
412,1007.24,70.30,-50.10
413,21.72,-34.26,-50.10
414,2000.00,123.50,-50.10
415,1501.98,45.58,-50.10
416,1004.16,22.74,-50.10
417,2454.48,188.23,-50.10
418,509.83,28.42,-50.10
419,20.37,-22.69,-50.10
420,2000.00,113.63,-50.10
421,3000.00,146.99,-50.10
422,2000.00,174.80,-50.10
423,2000.00,305.54,-50.10
424,2000.00,92.23,-50.10
425,2949.90,164.83,-50.10
426,16.85,-21.96,-50.10
427,957.42,17.77,-50.10
428,1507.23,168.38,-50.10
429,1505.09,67.74,-50.10
430,509.42,-2.03,-50.10
431,18.16,-30.39,-50.10
432,21.79,-20.11,-50.10
433,2449.90,93.57,-50.10
434,2000.00,74.17,-50.10
435,19.91,-23.04,-50.10
436,509.78,16.64,-50.10
437,1500.00,64.99,-50.10
438,509.76,-0.79,-50.10
439,457.80,-9.66,-50.10
440,12.71,-26.75,-50.10
441,500.09,-0.97,-50.10
442,504.92,3.05,-50.10
443,25.60,-34.02,-50.10
444,500.00,-9.52,-50.10
445,20.19,-37.98,-50.10
446,19.67,-30.90,-50.10
447,500.00,3.06,-50.10
448,1007.80,92.02,-50.10
449,500.06,-10.97,-50.10
450,1502.11,125.14,-50.10
451,2455.07,196.36,-50.10
452,1503.49,98.57,-50.10
453,500.00,8.23,-50.10
454,505.14,-3.60,-50.10
455,12.89,-27.81,-50.10
456,12.35,-27.95,-50.10
457,24.77,-39.85,-50.10
458,27.22,-20.86,-50.10
459,2000.00,62.30,-50.10
460,20.51,-32.25,-50.10
461,2000.00,102.91,-50.10
462,28.68,-27.38,-50.10
463,20.80,-30.55,-50.10
464,20.39,-27.74,-50.10
465,1500.00,132.80,-50.10
466,503.47,14.77,-50.10
467,1510.84,72.34,-50.10
468,1006.35,25.06,-50.10
469,19.19,-37.78,-50.10
470,2003.89,73.27,-50.10
471,15.16,-30.60,-50.10
472,1510.75,70.21,-50.10
473,1010.75,73.63,-50.10
474,505.10,-2.87,-50.10
475,2004.24,74.28,-50.10
476,2000.26,155.11,-50.10
477,2004.12,68.10,-50.10
478,20.86,-26.52,-50.10
479,1505.67,84.34,-50.10
480,2004.24,116.91,-50.10
481,19.67,-34.62,-50.10
482,2000.00,62.20,-50.10
483,502.25,19.05,-50.10
484,951.76,58.29,-50.10
485,1503.57,48.47,-50.10
486,1003.05,61.97,-50.10
487,506.05,19.69,-50.10
488,501.10,-13.59,-50.10
489,1949.96,151.00,-50.10
490,500.00,-4.99,-50.10
491,1011.33,43.42,-50.10
492,17.85,-38.68,-50.10
493,2000.00,86.13,-50.10
494,1011.10,28.01,-50.10
495,500.00,21.29,-50.10
496,500.00,-6.18,-50.10
497,20.21,-25.96,-50.10
498,959.93,44.17,-50.10
499,2001.46,197.20,-50.10
500,1005.70,50.05,-50.10
501,500.00,-7.25,-50.10
502,1503.45,150.74,-50.10
503,2455.78,189.99,-50.10
504,1010.96,68.43,-50.10
505,16.52,-25.16,-50.10
506,1004.37,72.56,-50.10
507,1005.89,51.23,-50.10
508,2000.00,96.99,-50.10
509,959.54,126.46,-50.10
510,1003.95,27.06,-50.10
511,501.14,-7.46,-50.10
512,2000.00,116.92,-50.10
513,951.86,19.77,-50.10
514,2452.47,98.23,-50.10
515,501.20,52.07,-50.10
516,2454.37,214.22,-50.10
517,950.50,17.47,-50.10
518,1011.49,46.34,-50.10
519,951.86,70.90,-50.10
520,2001.93,202.92,-50.10
521,20.37,-24.38,-50.10
522,14.20,-25.96,-50.10
523,951.82,47.24,-50.10
524,16.41,-28.02,-50.10
525,16.97,-34.78,-50.10
526,2000.00,67.16,-50.10
527,27.57,-25.88,-50.10
528,508.40,20.31,-50.10
529,1009.80,63.72,-50.10
530,20.06,-31.98,-50.10
531,1003.10,53.80,-50.10
532,2000.00,67.61,-50.10
533,2949.90,328.81,-50.10
534,505.64,0.50,-50.10
535,2449.90,97.17,-50.10
536,25.44,-25.95,-50.10
537,20.67,-29.63,-50.10
538,501.37,5.99,-50.10
539,1507.08,95.21,-50.10
540,19.31,-21.25,-50.10
541,500.06,-4.53,-50.10
542,18.27,-14.40,-50.10
543,17.90,-34.13,-50.10
544,2000.00,126.72,-50.10
545,1004.39,24.45,-50.10
546,2000.00,116.86,-50.10
547,3000.00,200.25,-50.10
548,505.96,5.05,-50.10
549,17.33,-34.81,-50.10
550,3000.00,153.08,-50.10
551,1504.91,47.89,-50.10
552,20.27,-26.63,-50.10
553,501.61,20.97,-50.10
554,2000.00,174.67,-50.10
555,509.25,1.16,-50.10
556,500.00,-2.34,-50.10
557,2949.90,170.23,-50.10
558,2000.00,78.72,-50.10
559,2500.00,158.14,-50.10
560,2949.99,290.41,-50.10
561,20.19,-26.10,-50.10
562,2949.90,170.29,-50.10
563,2000.00,99.23,-50.10
564,500.06,-7.72,-50.10
565,1003.74,14.52,-50.10
566,1004.69,26.71,-50.10
567,1004.34,80.73,-50.10
568,958.33,37.75,-50.10
569,2000.00,64.07,-50.10
570,25.19,-23.69,-50.10
571,21.93,-35.50,-50.10
572,1507.43,39.10,-50.10
573,20.15,-35.70,-50.10
574,1503.47,70.66,-50.10
575,500.00,-3.60,-50.10
576,1502.05,45.45,-50.10
577,20.24,-25.65,-50.10
578,1009.58,63.03,-50.10
579,1950.98,93.20,-50.10
580,1951.07,71.43,-50.10
581,1950.93,149.32,-50.10
582,2949.90,199.15,-50.10
583,959.76,48.45,-50.10
584,2949.90,135.93,-50.10
585,959.75,37.77,-50.10
586,1503.62,115.94,-50.10
587,501.07,-1.95,-50.10
588,505.18,31.57,-50.10
589,20.00,-29.83,-50.10
590,20.51,-35.85,-50.10
591,1004.22,18.05,-50.10
592,500.08,-8.75,-50.10
593,2000.00,91.64,-50.10
594,1510.84,48.49,-50.10
595,955.84,19.90,-50.10
596,500.00,43.19,-50.10
597,450.26,-4.71,-50.10
598,1503.55,48.70,-50.10
599,2000.00,245.48,-50.10
600,501.14,28.00,-50.10
601,20.07,-26.67,-50.10
602,2000.00,81.08,-50.10
603,2000.00,124.12,-50.10
604,2000.00,68.15,-50.10
605,2949.90,122.36,-50.10
606,1508.44,37.63,-50.10
607,2000.00,66.89,-50.10
608,5.71,-39.25,-50.10
609,19.62,-33.84,-50.10
610,1005.39,78.91,-50.10
611,19.91,-29.91,-50.10
612,1010.48,50.33,-50.10
613,2000.00,123.26,-50.10
614,505.43,29.89,-50.10
615,2500.00,91.13,-50.10
616,2005.93,104.49,-50.10
617,2005.99,93.20,-50.10
618,18.59,-29.98,-50.10
619,953.63,37.07,-50.10
620,1010.72,54.06,-50.10
621,11.79,-30.41,-50.10
622,500.00,-4.98,-50.10
623,954.29,50.45,-50.10
624,1504.99,118.34,-50.10
625,953.28,29.40,-50.10
626,3000.00,131.13,-50.10
627,2949.90,120.60,-50.10
628,25.36,-19.07,-50.10
629,16.13,-32.53,-50.10
630,20.99,-31.12,-50.10
631,500.33,-8.13,-50.10
632,2949.90,126.63,-50.10
633,2000.00,116.63,-50.10
634,2949.90,219.42,-50.10
635,9.23,-26.89,-50.10
636,2000.00,67.22,-50.10
637,2003.39,118.91,-50.10
638,500.92,18.48,-50.10
639,1009.08,86.99,-50.10
640,1004.96,61.51,-50.10
641,2000.00,121.98,-50.10
642,14.55,-20.15,-50.10
643,500.00,-2.81,-50.10
644,500.00,-0.98,-50.10
645,3000.00,118.23,-50.10
646,2000.00,91.79,-50.10
647,1001.52,60.10,-50.10
648,501.08,16.82,-50.10
649,17.35,-22.31,-50.10
650,2000.00,98.78,-50.10
651,451.64,-3.51,-50.10
652,449.93,-0.76,-50.10
653,2000.00,139.90,-50.10
654,1950.43,65.02,-50.10
655,1951.08,74.78,-50.10
656,502.61,-3.13,-50.10
657,501.13,20.93,-50.10
658,500.00,2.31,-50.10
659,20.22,-29.94,-50.10
660,1003.10,22.91,-50.10
661,2003.77,104.01,-50.10
662,2000.00,137.89,-50.10
663,959.63,54.15,-50.10
664,2000.00,126.60,-50.10
665,20.11,-20.59,-50.10
666,1011.17,16.92,-50.10
667,1512.08,74.14,-50.10
668,2512.22,194.56,-50.10
669,1507.29,64.18,-50.10
670,502.88,-1.62,-50.10
671,957.61,63.05,-50.10
672,1005.68,73.95,-50.10
673,2000.00,68.79,-50.10
674,2000.00,61.50,-50.10
675,2500.00,193.93,-50.10
676,1004.39,48.60,-50.10
677,1510.92,92.38,-50.10
678,2949.90,265.39,-50.10
679,2000.00,172.36,-50.10
680,501.91,45.16,-50.10
681,2000.00,99.32,-50.10
682,2453.07,117.02,-50.10
683,2000.00,69.70,-50.10
684,1011.76,73.54,-50.10
685,2000.53,119.72,-50.10
686,1001.23,49.33,-50.10
687,2949.90,164.84,-50.10
688,14.08,-27.02,-50.10
689,2454.25,149.79,-50.10
690,500.07,-9.25,-50.10
691,2000.00,95.58,-50.10
692,13.80,-21.45,-50.10
693,2000.00,83.10,-50.10
694,2000.00,71.52,-50.10
695,1511.29,128.20,-50.10
696,505.56,17.31,-50.10
697,1003.50,26.78,-50.10
698,504.06,-7.20,-50.10
699,1003.22,15.84,-50.10
700,500.00,-3.00,-50.10
701,12.01,-30.37,-50.10
702,21.00,-34.31,-50.10
703,951.66,39.28,-50.10
704,1010.08,69.52,-50.10
705,449.90,-3.65,-50.10
706,507.09,19.06,-50.10
707,2000.00,72.80,-50.10
708,1006.23,14.79,-50.10
709,1505.18,77.05,-50.10
710,2000.63,200.52,-50.10
711,1004.09,21.02,-50.10
712,1006.07,18.16,-50.10
713,1510.53,42.88,-50.10
714,1007.53,21.66,-50.10
715,504.55,5.84,-50.10
716,500.00,-9.79,-50.10
717,2000.00,147.52,-50.10
718,2009.38,93.93,-50.10
719,1005.84,45.64,-50.10
720,1506.54,97.20,-50.10
721,500.05,-3.47,-50.10
722,507.80,29.14,-50.10
723,2000.00,80.02,-50.10
724,2000.00,66.43,-50.10
725,1502.39,73.07,-50.10
726,2949.90,267.41,-50.10
727,500.00,26.00,-50.10
728,509.21,0.82,-50.10
729,1953.54,100.48,-50.10
730,2000.00,168.64,-50.10
731,1510.88,71.96,-50.10
732,1511.16,64.42,-50.10
733,2000.00,64.54,-50.10
734,22.75,-22.83,-50.10
735,17.46,-24.54,-50.10
736,17.74,-28.72,-50.10
737,1001.93,47.63,-50.10
738,1949.90,60.89,-50.10
739,2000.00,199.91,-50.10
740,503.83,73.64,-50.10
741,510.57,52.87,-50.10
742,955.87,47.06,-50.10
743,2000.00,93.69,-50.10
744,951.72,46.93,-50.10
745,500.07,-6.88,-50.10
746,2949.90,213.92,-50.10
747,2454.82,105.20,-50.10
748,2949.90,114.04,-50.10
749,2949.90,144.79,-50.10
750,957.78,36.39,-50.10
751,17.94,-31.76,-50.10
752,1002.80,39.16,-50.10
753,505.40,51.58,-50.10
754,1011.34,66.21,-50.10
755,2000.00,72.05,-50.10
756,2003.13,65.73,-50.10
757,2000.00,131.80,-50.10
758,500.72,-6.99,-50.10
759,0.00,-46.61,-50.10
760,1009.98,24.14,-50.10
761,502.30,31.32,-50.10
762,2503.87,193.87,-50.10
763,19.71,-31.79,-50.10
764,1503.48,53.53,-50.10
765,962.71,47.88,-50.10
766,2004.39,69.60,-50.10
767,22.03,-24.33,-50.10
768,2949.90,138.99,-50.10
769,16.90,-29.16,-50.10
770,2000.00,94.74,-50.10
771,2000.00,66.27,-50.10
772,19.74,-32.36,-50.10
773,1001.25,32.30,-50.10
774,2000.00,150.61,-50.10
775,504.74,-3.83,-50.10
776,2949.90,111.58,-50.10
777,1001.44,22.41,-50.10
778,503.42,17.06,-50.10
779,2000.00,71.13,-50.10
780,450.75,-0.32,-50.10
781,1004.27,24.17,-50.10
782,1007.62,72.64,-50.10
783,2949.90,119.48,-50.10
784,26.75,-22.81,-50.10
785,450.10,-5.28,-50.10
786,22.07,-31.67,-50.10
787,18.49,-31.90,-50.10
788,18.37,-29.64,-50.10
789,512.97,15.87,-50.10
790,501.29,-10.30,-50.10
791,2451.75,96.86,-50.10
792,951.77,67.98,-50.10
793,2449.90,337.20,-50.10
794,2000.00,68.57,-50.10
795,957.89,44.81,-50.10
796,2454.43,114.26,-50.10
797,2949.90,114.18,-50.10
798,953.45,49.63,-50.10
799,2000.08,81.40,-50.10
800,2000.00,75.86,-50.10
801,952.55,41.65,-50.10
802,500.00,-1.14,-50.10
803,20.29,-15.87,-50.10
804,20.40,-19.41,-50.10
805,500.00,-1.23,-50.10
806,2949.90,115.37,-50.10
807,1501.03,66.78,-50.10
808,1510.56,118.37,-50.10
809,2500.00,103.45,-50.10
810,22.42,-33.20,-50.10
811,2000.00,79.94,-50.10
812,503.96,-11.66,-50.10
813,20.10,-24.54,-50.10
814,958.37,70.38,-50.10
815,500.00,-7.92,-50.10
816,20.15,-35.00,-50.10
817,1004.37,41.92,-50.10
818,25.31,-38.51,-50.10
819,2949.90,138.90,-50.10
820,2503.35,219.48,-50.10
821,2000.00,95.35,-50.10
822,2454.07,109.27,-50.10
823,20.40,-34.19,-50.10
824,20.16,-29.22,-50.10
825,2000.00,94.71,-50.10
826,1011.28,21.67,-50.10
827,951.88,42.77,-50.10
828,501.22,-4.87,-50.10
829,23.61,-30.89,-50.10
830,18.36,-24.46,-50.10
831,501.06,-7.02,-50.10
832,20.13,-35.31,-50.10
833,2000.00,66.30,-50.10
834,1005.59,36.54,-50.10
835,509.74,-6.99,-50.10
836,2000.00,73.41,-50.10
837,1507.18,115.12,-50.10
838,1503.75,130.04,-50.10
839,1001.58,26.61,-50.10
840,2949.90,136.89,-50.10
841,2000.00,169.44,-50.10
842,1007.38,44.48,-50.10
843,500.15,-7.23,-50.10
844,19.47,-28.65,-50.10
845,1500.23,104.52,-50.10
846,2949.90,117.00,-50.10
847,2449.90,91.05,-50.10
848,500.83,-4.08,-50.10
849,2000.00,73.72,-50.10
850,2949.90,202.63,-50.10
851,1003.52,70.09,-50.10
852,3000.00,243.90,-50.10
853,949.90,47.16,-50.10
854,1008.31,21.74,-50.10
855,500.00,-4.76,-50.10
856,504.96,15.05,-50.10
857,20.06,-36.11,-50.10
858,15.20,-22.74,-50.10
859,1004.34,17.34,-50.10
860,2000.00,74.11,-50.10
861,2000.00,104.26,-50.10
862,952.01,66.98,-50.10
863,2000.00,68.29,-50.10
864,500.11,-10.83,-50.10
865,952.95,21.98,-50.10
866,500.62,-0.89,-50.10
867,500.49,21.69,-50.10
868,21.58,-37.12,-50.10
869,1007.55,64.62,-50.10
870,20.34,-26.53,-50.10
871,2949.90,226.43,-50.10
872,2000.00,223.68,-50.10
873,19.79,-31.32,-50.10
874,19.44,-39.30,-50.10
875,13.31,-34.95,-50.10
876,2000.00,81.12,-50.10
877,2003.34,197.26,-50.10
878,500.00,14.88,-50.10
879,16.58,-29.98,-50.10
880,1008.97,49.22,-50.10
881,509.51,-9.71,-50.10
882,11.76,-32.24,-50.10
883,1500.93,44.30,-50.10
884,449.90,-10.32,-50.10
885,10.82,-23.11,-50.10
886,12.94,-25.19,-50.10
887,12.10,-32.17,-50.10
888,501.17,22.10,-50.10
889,1006.17,47.82,-50.10
890,1952.84,91.56,-50.10
891,19.52,-32.36,-50.10
892,20.21,-31.12,-50.10
893,2000.00,60.96,-50.10
894,508.31,44.36,-50.10
895,1503.81,45.89,-50.10
896,22.22,-24.00,-50.10
897,500.00,-4.65,-50.10
898,2000.00,96.32,-50.10
899,956.96,69.77,-50.10
900,2000.00,160.90,-50.10
901,1003.26,74.03,-50.10
902,951.89,76.83,-50.10
903,1500.58,40.86,-50.10
904,31.96,-25.65,-50.10
905,2000.00,90.42,-50.10
906,21.18,-28.85,-50.10
907,26.69,-36.22,-50.10
908,1003.42,15.06,-50.10
909,2508.48,90.05,-50.10
910,504.86,-4.15,-50.10
911,22.87,-17.12,-50.10
912,500.09,8.85,-50.10
913,2004.67,124.68,-50.10
914,2000.00,142.27,-50.10
915,16.03,-29.42,-50.10
916,954.04,13.97,-50.10
917,1001.47,72.58,-50.10
918,509.23,17.59,-50.10
919,2000.00,66.77,-50.10
920,2502.31,218.83,-50.10
921,500.05,12.73,-50.10
922,18.13,-33.35,-50.10
923,500.00,-9.34,-50.10
924,2000.00,152.27,-50.10
925,2000.00,64.21,-50.10
926,1003.40,69.45,-50.10
927,1949.90,76.10,-50.10
928,11.78,-25.82,-50.10
929,959.90,24.73,-50.10
930,509.66,-1.11,-50.10
931,505.17,-7.61,-50.10
932,500.00,-11.03,-50.10
933,2000.00,96.64,-50.10
934,500.14,-4.06,-50.10
935,1004.11,61.63,-50.10
936,1012.51,106.30,-50.10
937,2449.90,110.08,-50.10
938,2000.00,98.72,-50.10
939,500.00,-6.26,-50.10
940,19.55,-21.60,-50.10
941,504.47,-0.13,-50.10
942,1012.13,57.57,-50.10
943,1503.43,126.49,-50.10
944,506.43,-7.78,-50.10
945,960.59,94.11,-50.10
946,500.07,14.18,-50.10
947,29.56,-15.39,-50.10
948,20.58,-28.82,-50.10
949,1501.06,35.43,-50.10
950,2003.68,179.68,-50.10
951,1003.64,20.22,-50.10
952,2006.92,128.94,-50.10
953,1512.42,35.15,-50.10
954,2000.00,166.48,-50.10
955,954.16,15.43,-50.10
956,2454.51,99.63,-50.10
957,1008.12,49.81,-50.10
958,16.45,-20.68,-50.10
959,453.22,-10.08,-50.10
960,1008.58,42.18,-50.10
961,20.80,-31.27,-50.10
962,2449.90,96.65,-50.10
963,503.92,-2.74,-50.10
964,2449.90,112.39,-50.10
965,1001.40,44.67,-50.10
966,502.27,13.44,-50.10
967,31.48,-29.19,-50.10
968,2000.00,70.49,-50.10
969,1003.64,23.06,-50.10
970,2511.93,220.30,-50.10
971,500.93,17.82,-50.10
972,2452.01,92.16,-50.10
973,2949.90,141.71,-50.10
974,2001.80,226.29,-50.10
975,2000.00,72.39,-50.10
976,500.10,-0.57,-50.10
977,505.05,17.49,-50.10
978,2000.00,95.90,-50.10
979,1511.54,38.50,-50.10
980,2004.50,68.00,-50.10
981,503.56,-2.97,-50.10
982,18.02,-20.18,-50.10
983,500.04,-12.61,-50.10
984,952.85,29.79,-50.10
985,3000.00,256.54,-50.10
986,19.77,-35.04,-50.10
987,2001.07,179.52,-50.10
988,954.23,18.44,-50.10
989,20.26,-29.49,-50.10
990,961.43,46.31,-50.10
991,1009.33,45.42,-50.10
992,1503.53,50.82,-50.10
993,1011.10,64.84,-50.10
994,2000.00,67.59,-50.10
995,20.43,-28.92,-50.10
996,500.00,-1.97,-50.10
997,22.49,-24.40,-50.10
998,957.56,63.38,-50.10
999,955.39,16.88,-50.10
